{"cameraMode":{"drawMode":0,"name":"Shaded","section":"Shading Mode"},"sceneLighting":false,"audioPlay":false,"sceneViewState":{"showFog":true,"showMaterialUpdate":false,"showSkybox":true,"showFlares":true,"showImageEffects":true,"showParticleSystems":true},"in2DMode":false,"pivot":{"x":-0.00003546476364135742,"y":0.8890718221664429,"z":-0.002681538462638855},"rotation":{"x":-0.0018075568368658424,"y":0.9953947067260742,"z":-0.09405387938022614,"w":-0.019128285348415376},"size":2.8701586723327638,"orthographic":false}